file,key,url,alt
output_converted/3-5years/001_a_smiling_dinosaur_20260117_001600.webp,gallery/3-5years/001_a_smiling_dinosaur_20260117_001600.webp,https://cdn.coloringa4.page/gallery/3-5years/001_a_smiling_dinosaur_20260117_001600.webp,Cute dinosaur chef holding a pizza AI-generated coloring A4 page PDF
output_converted/3-5years/002_a_fluffy_bunny_20260117_001628.webp,gallery/3-5years/002_a_fluffy_bunny_20260117_001628.webp,https://cdn.coloringa4.page/gallery/3-5years/002_a_fluffy_bunny_20260117_001628.webp,Cute bunny driving a car with three balloons AI-generated coloring A4 page PDF
output_converted/3-5years/002_a_panda_riding_20260117_004552.webp,gallery/3-5years/002_a_panda_riding_20260117_004552.webp,https://cdn.coloringa4.page/gallery/3-5years/002_a_panda_riding_20260117_004552.webp,"Cute panda in a bowl with ducks, AI-generated coloring A4 page PDF"
output_converted/3-5years/003_a_friendly_dinosaur_20260117_004622.webp,gallery/3-5years/003_a_friendly_dinosaur_20260117_004622.webp,https://cdn.coloringa4.page/gallery/3-5years/003_a_friendly_dinosaur_20260117_004622.webp,Cute dinosaur in pajamas brushing teeth AI-generated coloring A4 page PDF
output_converted/3-5years/003_a_friendly_whale_20260117_001703.webp,gallery/3-5years/003_a_friendly_whale_20260117_001703.webp,https://cdn.coloringa4.page/gallery/3-5years/003_a_friendly_whale_20260117_001703.webp,Flying whale with house in clouds AI-generated coloring A4 page PDF
output_converted/3-5years/004_a_kitten_astronaut_20260117_001733.webp,gallery/3-5years/004_a_kitten_astronaut_20260117_001733.webp,https://cdn.coloringa4.page/gallery/3-5years/004_a_kitten_astronaut_20260117_001733.webp,Astronaut cat in space with flag and stars AI-generated coloring A4 page PDF
output_converted/3-5years/004_a_kitten_magician_20260117_004658.webp,gallery/3-5years/004_a_kitten_magician_20260117_004658.webp,https://cdn.coloringa4.page/gallery/3-5years/004_a_kitten_magician_20260117_004658.webp,Cat magician pulling a scarf from a hat AI-generated coloring A4 page PDF
output_converted/3-5years/005_a_happy_turtle_20260117_001806.webp,gallery/3-5years/005_a_happy_turtle_20260117_001806.webp,https://cdn.coloringa4.page/gallery/3-5years/005_a_happy_turtle_20260117_001806.webp,Cute cartoon turtle carrying smiling flowers AI-generated coloring A4 page PDF
output_converted/3-5years/005_a_snail_racing_20260117_004730.webp,gallery/3-5years/005_a_snail_racing_20260117_004730.webp,https://cdn.coloringa4.page/gallery/3-5years/005_a_snail_racing_20260117_004730.webp,A snail and a turtle on a leaf AI-generated coloring A4 page PDF
output_converted/3-5years/006_a_cozy_mushroom_20260117_004803.webp,gallery/3-5years/006_a_cozy_mushroom_20260117_004803.webp,https://cdn.coloringa4.page/gallery/3-5years/006_a_cozy_mushroom_20260117_004803.webp,Cute snail and mushroom home with cloud AI-generated coloring A4 page PDF
output_converted/3-5years/006_a_tiny_dragon_20260117_001845.webp,gallery/3-5years/006_a_tiny_dragon_20260117_001845.webp,https://cdn.coloringa4.page/gallery/3-5years/006_a_tiny_dragon_20260117_001845.webp,Cute sleeping dragon and moon AI-generated coloring A4 page PDF
output_converted/3-5years/007_a_baby_dragon_20260117_004835.webp,gallery/3-5years/007_a_baby_dragon_20260117_004835.webp,https://cdn.coloringa4.page/gallery/3-5years/007_a_baby_dragon_20260117_004835.webp,Baby dragon blows heart bubbles on an AI-generated coloring A4 page PDF
output_converted/3-5years/008_a_giraffe_using_20260117_004907.webp,gallery/3-5years/008_a_giraffe_using_20260117_004907.webp,https://cdn.coloringa4.page/gallery/3-5years/008_a_giraffe_using_20260117_004907.webp,Little birds slide down a giraffe's neck AI-generated coloring A4 page PDF
output_converted/3-5years/009_a_smiling_sun_20260117_002023.webp,gallery/3-5years/009_a_smiling_sun_20260117_002023.webp,https://cdn.coloringa4.page/gallery/3-5years/009_a_smiling_sun_20260117_002023.webp,Sun and cloud share an ice cream cone AI-generated coloring A4 page PDF
output_converted/3-5years/009_a_teddy_bear_20260117_004939.webp,gallery/3-5years/009_a_teddy_bear_20260117_004939.webp,https://cdn.coloringa4.page/gallery/3-5years/009_a_teddy_bear_20260117_004939.webp,Teddy bear astronaut in a cardboard box rocket AI-generated coloring A4 page PDF
output_converted/3-5years/010_a_cheerful_octopus_20260117_005011.webp,gallery/3-5years/010_a_cheerful_octopus_20260117_005011.webp,https://cdn.coloringa4.page/gallery/3-5years/010_a_cheerful_octopus_20260117_005011.webp,Cute octopus king with star sandwiches AI-generated coloring A4 page PDF
output_converted/3-5years/010_a_unicorn_brushing_20260117_002053.webp,gallery/3-5years/010_a_unicorn_brushing_20260117_002053.webp,https://cdn.coloringa4.page/gallery/3-5years/010_a_unicorn_brushing_20260117_002053.webp,"Cute unicorn combing its hair on a bed, AI-generated coloring A4 page PDF"
output_converted/3-5years/011_a_little_elephant_20260117_002125.webp,gallery/3-5years/011_a_little_elephant_20260117_002125.webp,https://cdn.coloringa4.page/gallery/3-5years/011_a_little_elephant_20260117_002125.webp,Cute elephant watering a giant smiling flower AI-generated coloring A4 page PDF
output_converted/3-5years/011_a_little_elephant_20260117_005042.webp,gallery/3-5years/011_a_little_elephant_20260117_005042.webp,https://cdn.coloringa4.page/gallery/3-5years/011_a_little_elephant_20260117_005042.webp,"Happy baby elephant walking with muddy footprints, AI-generated coloring A4 page PDF"
output_converted/3-5years/012_a_friendly_robot_20260117_002154.webp,gallery/3-5years/012_a_friendly_robot_20260117_002154.webp,https://cdn.coloringa4.page/gallery/3-5years/012_a_friendly_robot_20260117_002154.webp,Astronaut and teddy bear hugging outdoors on this AI-generated coloring A4 page PDF
output_converted/3-5years/012_a_penguin_wearing_20260117_005111.webp,gallery/3-5years/012_a_penguin_wearing_20260117_005111.webp,https://cdn.coloringa4.page/gallery/3-5years/012_a_penguin_wearing_20260117_005111.webp,Penguin with scarf flying by balloon AI-generated coloring A4 page PDF
output_converted/3-5years/013_a_smiling_watermelon_20260117_005143.webp,gallery/3-5years/013_a_smiling_watermelon_20260117_005143.webp,https://cdn.coloringa4.page/gallery/3-5years/013_a_smiling_watermelon_20260117_005143.webp,Smiling watermelon car on a candy-lined road AI-generated coloring A4 page PDF
output_converted/3-5years/013_a_strawberry-shaped_house_20260117_002234.webp,gallery/3-5years/013_a_strawberry-shaped_house_20260117_002234.webp,https://cdn.coloringa4.page/gallery/3-5years/013_a_strawberry-shaped_house_20260117_002234.webp,Cute strawberry cottage with butterflies and path AI-generated coloring A4 page PDF
output_converted/3-5years/014_a_penguin_having_20260117_002323.webp,gallery/3-5years/014_a_penguin_having_20260117_002323.webp,https://cdn.coloringa4.page/gallery/3-5years/014_a_penguin_having_20260117_002323.webp,Cute penguin tea party scene with muffins AI-generated coloring A4 page PDF
output_converted/3-5years/014_a_unicorn_making_20260117_005213.webp,gallery/3-5years/014_a_unicorn_making_20260117_005213.webp,https://cdn.coloringa4.page/gallery/3-5years/014_a_unicorn_making_20260117_005213.webp,Cute unicorn and treasure chest for kids' AI-generated coloring A4 page PDF
output_converted/3-5years/015_a_friendly_robot_20260117_005249.webp,gallery/3-5years/015_a_friendly_robot_20260117_005249.webp,https://cdn.coloringa4.page/gallery/3-5years/015_a_friendly_robot_20260117_005249.webp,Cute robot watering lollipop flowers on an AI-generated coloring A4 page PDF
output_converted/3-5years/015_a_lion_with_20260117_002356.webp,gallery/3-5years/015_a_lion_with_20260117_002356.webp,https://cdn.coloringa4.page/gallery/3-5years/015_a_lion_with_20260117_002356.webp,Cartoon lion and tree line art for children. AI-generated coloring A4 page PDF
output_converted/3-5years/016_a_snail_carrying_20260117_002425.webp,gallery/3-5years/016_a_snail_carrying_20260117_002425.webp,https://cdn.coloringa4.page/gallery/3-5years/016_a_snail_carrying_20260117_002425.webp,Cartoon snail with a castle on its shell AI-generated coloring A4 page PDF
output_converted/3-5years/017_a_cheerful_octopus_20260117_002456.webp,gallery/3-5years/017_a_cheerful_octopus_20260117_002456.webp,https://cdn.coloringa4.page/gallery/3-5years/017_a_cheerful_octopus_20260117_002456.webp,Cartoon octopus juggling beach balls AI-generated coloring A4 page PDF
output_converted/3-5years/018_a_giraffe_wearing_20260117_002530.webp,gallery/3-5years/018_a_giraffe_wearing_20260117_002530.webp,https://cdn.coloringa4.page/gallery/3-5years/018_a_giraffe_wearing_20260117_002530.webp,Cute giraffe wearing a scarf with a butterfly AI-generated coloring A4 page PDF
output_converted/3-5years/019_a_duck_family_20260117_005458.webp,gallery/3-5years/019_a_duck_family_20260117_005458.webp,https://cdn.coloringa4.page/gallery/3-5years/019_a_duck_family_20260117_005458.webp,Ducks wearing hats splash in a puddle AI-generated coloring A4 page PDF
output_converted/3-5years/019_a_tiny_fairy_20260117_002606.webp,gallery/3-5years/019_a_tiny_fairy_20260117_002606.webp,https://cdn.coloringa4.page/gallery/3-5years/019_a_tiny_fairy_20260117_002606.webp,Fairy riding a ladybug on a large flower AI-generated coloring A4 page PDF
output_converted/3-5years/020_a_sleepy_moon_20260117_005530.webp,gallery/3-5years/020_a_sleepy_moon_20260117_005530.webp,https://cdn.coloringa4.page/gallery/3-5years/020_a_sleepy_moon_20260117_005530.webp,Cute moon character putting stars to sleep AI-generated coloring A4 page PDF
output_converted/5+years/001_a_hot-air_balloon_20260117_002712.webp,gallery/5+years/001_a_hot-air_balloon_20260117_002712.webp,https://cdn.coloringa4.page/gallery/5+years/001_a_hot-air_balloon_20260117_002712.webp,Smiling teapot balloon flying over houses AI-generated coloring A4 page PDF
output_converted/5+years/001_a_library_inside_20260117_005557.webp,gallery/5+years/001_a_library_inside_20260117_005557.webp,https://cdn.coloringa4.page/gallery/5+years/001_a_library_inside_20260117_005557.webp,Child on flying book in a library AI-generated coloring A4 page PDF
output_converted/5+years/002_a_dragon_librarian_20260117_002743.webp,gallery/5+years/002_a_dragon_librarian_20260117_002743.webp,https://cdn.coloringa4.page/gallery/5+years/002_a_dragon_librarian_20260117_002743.webp,A dragon juggles books in a library AI-generated coloring A4 page PDF
output_converted/5+years/003_a_detective_raccoon_20260117_005709.webp,gallery/5+years/003_a_detective_raccoon_20260117_005709.webp,https://cdn.coloringa4.page/gallery/5+years/003_a_detective_raccoon_20260117_005709.webp,Raccoon detective with magnifying glass follows tracks AI-generated coloring A4 page PDF
output_converted/5+years/003_an_underwater_coral_20260117_002818.webp,gallery/5+years/003_an_underwater_coral_20260117_002818.webp,https://cdn.coloringa4.page/gallery/5+years/003_an_underwater_coral_20260117_002818.webp,"Kid astronaut, car, and fish underwater scene AI-generated coloring A4 page PDF"
output_converted/5+years/004_a_giant_treehouse_20260117_002852.webp,gallery/5+years/004_a_giant_treehouse_20260117_002852.webp,https://cdn.coloringa4.page/gallery/5+years/004_a_giant_treehouse_20260117_002852.webp,Squirrels delivering mail in a treehouse village AI-generated coloring A4 page PDF
output_converted/5+years/005_a_moon_carnival_20260117_002925.webp,gallery/5+years/005_a_moon_carnival_20260117_002925.webp,https://cdn.coloringa4.page/gallery/5+years/005_a_moon_carnival_20260117_002925.webp,Happy astronauts on a space Ferris wheel AI-generated coloring A4 page PDF
output_converted/5+years/005_a_workshop_20260117_005810.webp,gallery/5+years/005_a_workshop_20260117_005810.webp,https://cdn.coloringa4.page/gallery/5+years/005_a_workshop_20260117_005810.webp,"Boy wizard and his magical, animated objects AI-generated coloring A4 page PDF"
output_converted/5+years/006_a_cat-run_bakery_20260117_002958.webp,gallery/5+years/006_a_cat-run_bakery_20260117_002958.webp,https://cdn.coloringa4.page/gallery/5+years/006_a_cat-run_bakery_20260117_002958.webp,Space scene with cats and donuts AI-generated coloring A4 page PDF
output_converted/5+years/007_a_friendly_monster_20260117_003028.webp,gallery/5+years/007_a_friendly_monster_20260117_003028.webp,https://cdn.coloringa4.page/gallery/5+years/007_a_friendly_monster_20260117_003028.webp,Cute monsters in a classroom science experiment AI-generated coloring A4 page PDF
output_converted/5+years/008_a_floating_island_20260117_005955.webp,gallery/5+years/008_a_floating_island_20260117_005955.webp,https://cdn.coloringa4.page/gallery/5+years/008_a_floating_island_20260117_005955.webp,"A cat, sheep, and windmill farm scene AI-generated coloring A4 page PDF"
output_converted/5+years/008_a_magical_train_20260117_003102.webp,gallery/5+years/008_a_magical_train_20260117_003102.webp,https://cdn.coloringa4.page/gallery/5+years/008_a_magical_train_20260117_003102.webp,Cartoon train with animals exiting a tunnel AI-generated coloring A4 page PDF
output_converted/5+years/009_a_candy_jungle_20260117_010025.webp,gallery/5+years/009_a_candy_jungle_20260117_010025.webp,https://cdn.coloringa4.page/gallery/5+years/009_a_candy_jungle_20260117_010025.webp,Kids in explorer gear crossing a candy river AI-generated coloring A4 page PDF
output_converted/5+years/009_a_floating_island_20260117_003139.webp,gallery/5+years/009_a_floating_island_20260117_003139.webp,https://cdn.coloringa4.page/gallery/5+years/009_a_floating_island_20260117_003139.webp,"Floating islands with a farmer, sheep, and windmills AI-generated coloring A4 page PDF"
output_converted/5+years/010_a_robot_gardener_20260117_003213.webp,gallery/5+years/010_a_robot_gardener_20260117_003213.webp,https://cdn.coloringa4.page/gallery/5+years/010_a_robot_gardener_20260117_003213.webp,"Robot gardener and drones watering geometric plants in a greenhouse, AI-generated coloring A4 page PDF"
output_converted/5+years/010_a_space_aquarium_20260117_010055.webp,gallery/5+years/010_a_space_aquarium_20260117_010055.webp,https://cdn.coloringa4.page/gallery/5+years/010_a_space_aquarium_20260117_010055.webp,"Kids in space tunnel looking at giant jellyfish, AI-generated coloring A4 page PDF"
output_converted/5+years/011_a_castle_kitchen_20260117_003242.webp,gallery/5+years/011_a_castle_kitchen_20260117_003242.webp,https://cdn.coloringa4.page/gallery/5+years/011_a_castle_kitchen_20260117_003242.webp,Cheerful wizard boy stirring a cauldron with dancing utensils AI-generated coloring A4 page PDF
output_converted/5+years/011_a_mountain_ski_20260117_010128.webp,gallery/5+years/011_a_mountain_ski_20260117_010128.webp,https://cdn.coloringa4.page/gallery/5+years/011_a_mountain_ski_20260117_010128.webp,"Penguins skiing, buying tickets, and drinking cocoa AI-generated coloring A4 page PDF"
output_converted/5+years/013_a_robot_gardener_20260117_010235.webp,gallery/5+years/013_a_robot_gardener_20260117_010235.webp,https://cdn.coloringa4.page/gallery/5+years/013_a_robot_gardener_20260117_010235.webp,Robot watering geometric flowers in a greenhouse AI-generated coloring A4 page PDF
output_converted/5+years/013_a_snowy_mountain_20260117_003403.webp,gallery/5+years/013_a_snowy_mountain_20260117_003403.webp,https://cdn.coloringa4.page/gallery/5+years/013_a_snowy_mountain_20260117_003403.webp,"A winter ski scene with penguins, AI-generated coloring A4 page PDF"
output_converted/5+years/014_a_candy_jungle_20260117_003433.webp,gallery/5+years/014_a_candy_jungle_20260117_003433.webp,https://cdn.coloringa4.page/gallery/5+years/014_a_candy_jungle_20260117_003433.webp,Two kids on waffle rafts in candy land AI-generated coloring A4 page PDF
output_converted/5+years/014_a_castle_kitchen_20260117_010410.webp,gallery/5+years/014_a_castle_kitchen_20260117_010410.webp,https://cdn.coloringa4.page/gallery/5+years/014_a_castle_kitchen_20260117_010410.webp,Cheerful boy and dancing pots AI-generated coloring A4 page PDF
output_converted/5+years/015_a_medieval_parade_20260117_010442.webp,gallery/5+years/015_a_medieval_parade_20260117_010442.webp,https://cdn.coloringa4.page/gallery/5+years/015_a_medieval_parade_20260117_010442.webp,Knights on snails riding to a castle AI-generated coloring A4 page PDF
output_converted/5+years/016_a_sky_harbor_20260117_010523.webp,gallery/5+years/016_a_sky_harbor_20260117_010523.webp,https://cdn.coloringa4.page/gallery/5+years/016_a_sky_harbor_20260117_010523.webp,"Bear pilot, whale, and friends traveling on clouds AI-generated coloring A4 page PDF"
output_converted/5+years/017_a_workshop_20260117_003608.webp,gallery/5+years/017_a_workshop_20260117_003608.webp,https://cdn.coloringa4.page/gallery/5+years/017_a_workshop_20260117_003608.webp,Young wizard and dragon brewing a strawberry potion AI-generated coloring A4 page PDF
output_converted/5+years/017_an_underwater_coral_20260117_010603.webp,gallery/5+years/017_an_underwater_coral_20260117_010603.webp,https://cdn.coloringa4.page/gallery/5+years/017_an_underwater_coral_20260117_010603.webp,"Astronaut waving in an underwater city, AI-generated coloring A4 page PDF"
output_converted/5+years/018_a_lighthouse_on_20260117_010636.webp,gallery/5+years/018_a_lighthouse_on_20260117_010636.webp,https://cdn.coloringa4.page/gallery/5+years/018_a_lighthouse_on_20260117_010636.webp,"Lighthouse, rainbow, whale, and seals AI-generated coloring A4 page PDF"
output_converted/5+years/018_a_sky_harbor_20260117_003645.webp,gallery/5+years/018_a_sky_harbor_20260117_003645.webp,https://cdn.coloringa4.page/gallery/5+years/018_a_sky_harbor_20260117_003645.webp,"Pilot bear and friends in the clouds, a fun AI-generated coloring A4 page PDF"
output_converted/5+years/019_a_deep-sea_neighborhood_20260117_003713.webp,gallery/5+years/019_a_deep-sea_neighborhood_20260117_003713.webp,https://cdn.coloringa4.page/gallery/5+years/019_a_deep-sea_neighborhood_20260117_003713.webp,Octopus postman delivers mail to fish AI-generated coloring A4 page PDF
output_converted/5+years/019_a_deep-sea_neighborhood_20260117_010710.webp,gallery/5+years/019_a_deep-sea_neighborhood_20260117_010710.webp,https://cdn.coloringa4.page/gallery/5+years/019_a_deep-sea_neighborhood_20260117_010710.webp,Octopus postman delivers mail underwater in an AI-generated coloring A4 page PDF
