file,key,url
output_converted/3-5years/001_a_smiling_dinosaur_20260117_001600.pdf,gallery/3-5years/001_a_smiling_dinosaur_20260117_001600.pdf,https://cdn.coloringa4.page/gallery/3-5years/001_a_smiling_dinosaur_20260117_001600.pdf
output_converted/3-5years/001_a_smiling_dinosaur_20260117_001600.webp,gallery/3-5years/001_a_smiling_dinosaur_20260117_001600.webp,https://cdn.coloringa4.page/gallery/3-5years/001_a_smiling_dinosaur_20260117_001600.webp
output_converted/3-5years/002_a_fluffy_bunny_20260117_001628.pdf,gallery/3-5years/002_a_fluffy_bunny_20260117_001628.pdf,https://cdn.coloringa4.page/gallery/3-5years/002_a_fluffy_bunny_20260117_001628.pdf
output_converted/3-5years/002_a_fluffy_bunny_20260117_001628.webp,gallery/3-5years/002_a_fluffy_bunny_20260117_001628.webp,https://cdn.coloringa4.page/gallery/3-5years/002_a_fluffy_bunny_20260117_001628.webp
output_converted/3-5years/002_a_panda_riding_20260117_004552.pdf,gallery/3-5years/002_a_panda_riding_20260117_004552.pdf,https://cdn.coloringa4.page/gallery/3-5years/002_a_panda_riding_20260117_004552.pdf
output_converted/3-5years/002_a_panda_riding_20260117_004552.webp,gallery/3-5years/002_a_panda_riding_20260117_004552.webp,https://cdn.coloringa4.page/gallery/3-5years/002_a_panda_riding_20260117_004552.webp
output_converted/3-5years/003_a_friendly_dinosaur_20260117_004622.pdf,gallery/3-5years/003_a_friendly_dinosaur_20260117_004622.pdf,https://cdn.coloringa4.page/gallery/3-5years/003_a_friendly_dinosaur_20260117_004622.pdf
output_converted/3-5years/003_a_friendly_dinosaur_20260117_004622.webp,gallery/3-5years/003_a_friendly_dinosaur_20260117_004622.webp,https://cdn.coloringa4.page/gallery/3-5years/003_a_friendly_dinosaur_20260117_004622.webp
output_converted/3-5years/003_a_friendly_whale_20260117_001703.pdf,gallery/3-5years/003_a_friendly_whale_20260117_001703.pdf,https://cdn.coloringa4.page/gallery/3-5years/003_a_friendly_whale_20260117_001703.pdf
output_converted/3-5years/003_a_friendly_whale_20260117_001703.webp,gallery/3-5years/003_a_friendly_whale_20260117_001703.webp,https://cdn.coloringa4.page/gallery/3-5years/003_a_friendly_whale_20260117_001703.webp
output_converted/3-5years/004_a_kitten_astronaut_20260117_001733.pdf,gallery/3-5years/004_a_kitten_astronaut_20260117_001733.pdf,https://cdn.coloringa4.page/gallery/3-5years/004_a_kitten_astronaut_20260117_001733.pdf
output_converted/3-5years/004_a_kitten_astronaut_20260117_001733.webp,gallery/3-5years/004_a_kitten_astronaut_20260117_001733.webp,https://cdn.coloringa4.page/gallery/3-5years/004_a_kitten_astronaut_20260117_001733.webp
output_converted/3-5years/004_a_kitten_magician_20260117_004658.pdf,gallery/3-5years/004_a_kitten_magician_20260117_004658.pdf,https://cdn.coloringa4.page/gallery/3-5years/004_a_kitten_magician_20260117_004658.pdf
output_converted/3-5years/004_a_kitten_magician_20260117_004658.webp,gallery/3-5years/004_a_kitten_magician_20260117_004658.webp,https://cdn.coloringa4.page/gallery/3-5years/004_a_kitten_magician_20260117_004658.webp
output_converted/3-5years/005_a_happy_turtle_20260117_001806.pdf,gallery/3-5years/005_a_happy_turtle_20260117_001806.pdf,https://cdn.coloringa4.page/gallery/3-5years/005_a_happy_turtle_20260117_001806.pdf
output_converted/3-5years/005_a_happy_turtle_20260117_001806.webp,gallery/3-5years/005_a_happy_turtle_20260117_001806.webp,https://cdn.coloringa4.page/gallery/3-5years/005_a_happy_turtle_20260117_001806.webp
output_converted/3-5years/005_a_snail_racing_20260117_004730.pdf,gallery/3-5years/005_a_snail_racing_20260117_004730.pdf,https://cdn.coloringa4.page/gallery/3-5years/005_a_snail_racing_20260117_004730.pdf
output_converted/3-5years/005_a_snail_racing_20260117_004730.webp,gallery/3-5years/005_a_snail_racing_20260117_004730.webp,https://cdn.coloringa4.page/gallery/3-5years/005_a_snail_racing_20260117_004730.webp
output_converted/3-5years/006_a_cozy_mushroom_20260117_004803.pdf,gallery/3-5years/006_a_cozy_mushroom_20260117_004803.pdf,https://cdn.coloringa4.page/gallery/3-5years/006_a_cozy_mushroom_20260117_004803.pdf
output_converted/3-5years/006_a_cozy_mushroom_20260117_004803.webp,gallery/3-5years/006_a_cozy_mushroom_20260117_004803.webp,https://cdn.coloringa4.page/gallery/3-5years/006_a_cozy_mushroom_20260117_004803.webp
output_converted/3-5years/006_a_tiny_dragon_20260117_001845.pdf,gallery/3-5years/006_a_tiny_dragon_20260117_001845.pdf,https://cdn.coloringa4.page/gallery/3-5years/006_a_tiny_dragon_20260117_001845.pdf
output_converted/3-5years/006_a_tiny_dragon_20260117_001845.webp,gallery/3-5years/006_a_tiny_dragon_20260117_001845.webp,https://cdn.coloringa4.page/gallery/3-5years/006_a_tiny_dragon_20260117_001845.webp
output_converted/3-5years/007_a_baby_dragon_20260117_004835.pdf,gallery/3-5years/007_a_baby_dragon_20260117_004835.pdf,https://cdn.coloringa4.page/gallery/3-5years/007_a_baby_dragon_20260117_004835.pdf
output_converted/3-5years/007_a_baby_dragon_20260117_004835.webp,gallery/3-5years/007_a_baby_dragon_20260117_004835.webp,https://cdn.coloringa4.page/gallery/3-5years/007_a_baby_dragon_20260117_004835.webp
output_converted/3-5years/008_a_duck_wearing_20260117_001952.pdf,gallery/3-5years/008_a_duck_wearing_20260117_001952.pdf,https://cdn.coloringa4.page/gallery/3-5years/008_a_duck_wearing_20260117_001952.pdf
output_converted/3-5years/008_a_duck_wearing_20260117_001952.webp,gallery/3-5years/008_a_duck_wearing_20260117_001952.webp,https://cdn.coloringa4.page/gallery/3-5years/008_a_duck_wearing_20260117_001952.webp
output_converted/3-5years/008_a_giraffe_using_20260117_004907.pdf,gallery/3-5years/008_a_giraffe_using_20260117_004907.pdf,https://cdn.coloringa4.page/gallery/3-5years/008_a_giraffe_using_20260117_004907.pdf
output_converted/3-5years/008_a_giraffe_using_20260117_004907.webp,gallery/3-5years/008_a_giraffe_using_20260117_004907.webp,https://cdn.coloringa4.page/gallery/3-5years/008_a_giraffe_using_20260117_004907.webp
output_converted/3-5years/009_a_smiling_sun_20260117_002023.pdf,gallery/3-5years/009_a_smiling_sun_20260117_002023.pdf,https://cdn.coloringa4.page/gallery/3-5years/009_a_smiling_sun_20260117_002023.pdf
output_converted/3-5years/009_a_smiling_sun_20260117_002023.webp,gallery/3-5years/009_a_smiling_sun_20260117_002023.webp,https://cdn.coloringa4.page/gallery/3-5years/009_a_smiling_sun_20260117_002023.webp
output_converted/3-5years/009_a_teddy_bear_20260117_004939.pdf,gallery/3-5years/009_a_teddy_bear_20260117_004939.pdf,https://cdn.coloringa4.page/gallery/3-5years/009_a_teddy_bear_20260117_004939.pdf
output_converted/3-5years/009_a_teddy_bear_20260117_004939.webp,gallery/3-5years/009_a_teddy_bear_20260117_004939.webp,https://cdn.coloringa4.page/gallery/3-5years/009_a_teddy_bear_20260117_004939.webp
output_converted/3-5years/010_a_cheerful_octopus_20260117_005011.pdf,gallery/3-5years/010_a_cheerful_octopus_20260117_005011.pdf,https://cdn.coloringa4.page/gallery/3-5years/010_a_cheerful_octopus_20260117_005011.pdf
output_converted/3-5years/010_a_cheerful_octopus_20260117_005011.webp,gallery/3-5years/010_a_cheerful_octopus_20260117_005011.webp,https://cdn.coloringa4.page/gallery/3-5years/010_a_cheerful_octopus_20260117_005011.webp
output_converted/3-5years/010_a_unicorn_brushing_20260117_002053.pdf,gallery/3-5years/010_a_unicorn_brushing_20260117_002053.pdf,https://cdn.coloringa4.page/gallery/3-5years/010_a_unicorn_brushing_20260117_002053.pdf
output_converted/3-5years/010_a_unicorn_brushing_20260117_002053.webp,gallery/3-5years/010_a_unicorn_brushing_20260117_002053.webp,https://cdn.coloringa4.page/gallery/3-5years/010_a_unicorn_brushing_20260117_002053.webp
output_converted/3-5years/011_a_little_elephant_20260117_002125.pdf,gallery/3-5years/011_a_little_elephant_20260117_002125.pdf,https://cdn.coloringa4.page/gallery/3-5years/011_a_little_elephant_20260117_002125.pdf
output_converted/3-5years/011_a_little_elephant_20260117_002125.webp,gallery/3-5years/011_a_little_elephant_20260117_002125.webp,https://cdn.coloringa4.page/gallery/3-5years/011_a_little_elephant_20260117_002125.webp
output_converted/3-5years/011_a_little_elephant_20260117_005042.pdf,gallery/3-5years/011_a_little_elephant_20260117_005042.pdf,https://cdn.coloringa4.page/gallery/3-5years/011_a_little_elephant_20260117_005042.pdf
output_converted/3-5years/011_a_little_elephant_20260117_005042.webp,gallery/3-5years/011_a_little_elephant_20260117_005042.webp,https://cdn.coloringa4.page/gallery/3-5years/011_a_little_elephant_20260117_005042.webp
output_converted/3-5years/012_a_friendly_robot_20260117_002154.pdf,gallery/3-5years/012_a_friendly_robot_20260117_002154.pdf,https://cdn.coloringa4.page/gallery/3-5years/012_a_friendly_robot_20260117_002154.pdf
output_converted/3-5years/012_a_friendly_robot_20260117_002154.webp,gallery/3-5years/012_a_friendly_robot_20260117_002154.webp,https://cdn.coloringa4.page/gallery/3-5years/012_a_friendly_robot_20260117_002154.webp
output_converted/3-5years/012_a_penguin_wearing_20260117_005111.pdf,gallery/3-5years/012_a_penguin_wearing_20260117_005111.pdf,https://cdn.coloringa4.page/gallery/3-5years/012_a_penguin_wearing_20260117_005111.pdf
output_converted/3-5years/012_a_penguin_wearing_20260117_005111.webp,gallery/3-5years/012_a_penguin_wearing_20260117_005111.webp,https://cdn.coloringa4.page/gallery/3-5years/012_a_penguin_wearing_20260117_005111.webp
output_converted/3-5years/013_a_smiling_watermelon_20260117_005143.pdf,gallery/3-5years/013_a_smiling_watermelon_20260117_005143.pdf,https://cdn.coloringa4.page/gallery/3-5years/013_a_smiling_watermelon_20260117_005143.pdf
output_converted/3-5years/013_a_smiling_watermelon_20260117_005143.webp,gallery/3-5years/013_a_smiling_watermelon_20260117_005143.webp,https://cdn.coloringa4.page/gallery/3-5years/013_a_smiling_watermelon_20260117_005143.webp
output_converted/3-5years/013_a_strawberry-shaped_house_20260117_002234.pdf,gallery/3-5years/013_a_strawberry-shaped_house_20260117_002234.pdf,https://cdn.coloringa4.page/gallery/3-5years/013_a_strawberry-shaped_house_20260117_002234.pdf
output_converted/3-5years/013_a_strawberry-shaped_house_20260117_002234.webp,gallery/3-5years/013_a_strawberry-shaped_house_20260117_002234.webp,https://cdn.coloringa4.page/gallery/3-5years/013_a_strawberry-shaped_house_20260117_002234.webp
output_converted/3-5years/014_a_penguin_having_20260117_002323.pdf,gallery/3-5years/014_a_penguin_having_20260117_002323.pdf,https://cdn.coloringa4.page/gallery/3-5years/014_a_penguin_having_20260117_002323.pdf
output_converted/3-5years/014_a_penguin_having_20260117_002323.webp,gallery/3-5years/014_a_penguin_having_20260117_002323.webp,https://cdn.coloringa4.page/gallery/3-5years/014_a_penguin_having_20260117_002323.webp
output_converted/3-5years/014_a_unicorn_making_20260117_005213.pdf,gallery/3-5years/014_a_unicorn_making_20260117_005213.pdf,https://cdn.coloringa4.page/gallery/3-5years/014_a_unicorn_making_20260117_005213.pdf
output_converted/3-5years/014_a_unicorn_making_20260117_005213.webp,gallery/3-5years/014_a_unicorn_making_20260117_005213.webp,https://cdn.coloringa4.page/gallery/3-5years/014_a_unicorn_making_20260117_005213.webp
output_converted/3-5years/015_a_friendly_robot_20260117_005249.pdf,gallery/3-5years/015_a_friendly_robot_20260117_005249.pdf,https://cdn.coloringa4.page/gallery/3-5years/015_a_friendly_robot_20260117_005249.pdf
output_converted/3-5years/015_a_friendly_robot_20260117_005249.webp,gallery/3-5years/015_a_friendly_robot_20260117_005249.webp,https://cdn.coloringa4.page/gallery/3-5years/015_a_friendly_robot_20260117_005249.webp
output_converted/3-5years/015_a_lion_with_20260117_002356.pdf,gallery/3-5years/015_a_lion_with_20260117_002356.pdf,https://cdn.coloringa4.page/gallery/3-5years/015_a_lion_with_20260117_002356.pdf
output_converted/3-5years/015_a_lion_with_20260117_002356.webp,gallery/3-5years/015_a_lion_with_20260117_002356.webp,https://cdn.coloringa4.page/gallery/3-5years/015_a_lion_with_20260117_002356.webp
output_converted/3-5years/016_a_snail_carrying_20260117_002425.pdf,gallery/3-5years/016_a_snail_carrying_20260117_002425.pdf,https://cdn.coloringa4.page/gallery/3-5years/016_a_snail_carrying_20260117_002425.pdf
output_converted/3-5years/016_a_snail_carrying_20260117_002425.webp,gallery/3-5years/016_a_snail_carrying_20260117_002425.webp,https://cdn.coloringa4.page/gallery/3-5years/016_a_snail_carrying_20260117_002425.webp
output_converted/3-5years/017_a_cheerful_octopus_20260117_002456.pdf,gallery/3-5years/017_a_cheerful_octopus_20260117_002456.pdf,https://cdn.coloringa4.page/gallery/3-5years/017_a_cheerful_octopus_20260117_002456.pdf
output_converted/3-5years/017_a_cheerful_octopus_20260117_002456.webp,gallery/3-5years/017_a_cheerful_octopus_20260117_002456.webp,https://cdn.coloringa4.page/gallery/3-5years/017_a_cheerful_octopus_20260117_002456.webp
output_converted/3-5years/018_a_giraffe_wearing_20260117_002530.pdf,gallery/3-5years/018_a_giraffe_wearing_20260117_002530.pdf,https://cdn.coloringa4.page/gallery/3-5years/018_a_giraffe_wearing_20260117_002530.pdf
output_converted/3-5years/018_a_giraffe_wearing_20260117_002530.webp,gallery/3-5years/018_a_giraffe_wearing_20260117_002530.webp,https://cdn.coloringa4.page/gallery/3-5years/018_a_giraffe_wearing_20260117_002530.webp
output_converted/3-5years/019_a_duck_family_20260117_005458.pdf,gallery/3-5years/019_a_duck_family_20260117_005458.pdf,https://cdn.coloringa4.page/gallery/3-5years/019_a_duck_family_20260117_005458.pdf
output_converted/3-5years/019_a_duck_family_20260117_005458.webp,gallery/3-5years/019_a_duck_family_20260117_005458.webp,https://cdn.coloringa4.page/gallery/3-5years/019_a_duck_family_20260117_005458.webp
output_converted/3-5years/019_a_tiny_fairy_20260117_002606.pdf,gallery/3-5years/019_a_tiny_fairy_20260117_002606.pdf,https://cdn.coloringa4.page/gallery/3-5years/019_a_tiny_fairy_20260117_002606.pdf
output_converted/3-5years/019_a_tiny_fairy_20260117_002606.webp,gallery/3-5years/019_a_tiny_fairy_20260117_002606.webp,https://cdn.coloringa4.page/gallery/3-5years/019_a_tiny_fairy_20260117_002606.webp
output_converted/3-5years/020_a_sleepy_moon_20260117_005530.pdf,gallery/3-5years/020_a_sleepy_moon_20260117_005530.pdf,https://cdn.coloringa4.page/gallery/3-5years/020_a_sleepy_moon_20260117_005530.pdf
output_converted/3-5years/020_a_sleepy_moon_20260117_005530.webp,gallery/3-5years/020_a_sleepy_moon_20260117_005530.webp,https://cdn.coloringa4.page/gallery/3-5years/020_a_sleepy_moon_20260117_005530.webp
output_converted/5+years/001_a_hot-air_balloon_20260117_002712.pdf,gallery/5+years/001_a_hot-air_balloon_20260117_002712.pdf,https://cdn.coloringa4.page/gallery/5+years/001_a_hot-air_balloon_20260117_002712.pdf
output_converted/5+years/001_a_hot-air_balloon_20260117_002712.webp,gallery/5+years/001_a_hot-air_balloon_20260117_002712.webp,https://cdn.coloringa4.page/gallery/5+years/001_a_hot-air_balloon_20260117_002712.webp
output_converted/5+years/001_a_library_inside_20260117_005557.pdf,gallery/5+years/001_a_library_inside_20260117_005557.pdf,https://cdn.coloringa4.page/gallery/5+years/001_a_library_inside_20260117_005557.pdf
output_converted/5+years/001_a_library_inside_20260117_005557.webp,gallery/5+years/001_a_library_inside_20260117_005557.webp,https://cdn.coloringa4.page/gallery/5+years/001_a_library_inside_20260117_005557.webp
output_converted/5+years/002_a_dragon_librarian_20260117_002743.pdf,gallery/5+years/002_a_dragon_librarian_20260117_002743.pdf,https://cdn.coloringa4.page/gallery/5+years/002_a_dragon_librarian_20260117_002743.pdf
output_converted/5+years/002_a_dragon_librarian_20260117_002743.webp,gallery/5+years/002_a_dragon_librarian_20260117_002743.webp,https://cdn.coloringa4.page/gallery/5+years/002_a_dragon_librarian_20260117_002743.webp
output_converted/5+years/003_a_detective_raccoon_20260117_005709.pdf,gallery/5+years/003_a_detective_raccoon_20260117_005709.pdf,https://cdn.coloringa4.page/gallery/5+years/003_a_detective_raccoon_20260117_005709.pdf
output_converted/5+years/003_a_detective_raccoon_20260117_005709.webp,gallery/5+years/003_a_detective_raccoon_20260117_005709.webp,https://cdn.coloringa4.page/gallery/5+years/003_a_detective_raccoon_20260117_005709.webp
output_converted/5+years/003_an_underwater_coral_20260117_002818.pdf,gallery/5+years/003_an_underwater_coral_20260117_002818.pdf,https://cdn.coloringa4.page/gallery/5+years/003_an_underwater_coral_20260117_002818.pdf
output_converted/5+years/003_an_underwater_coral_20260117_002818.webp,gallery/5+years/003_an_underwater_coral_20260117_002818.webp,https://cdn.coloringa4.page/gallery/5+years/003_an_underwater_coral_20260117_002818.webp
output_converted/5+years/004_a_giant_treehouse_20260117_002852.pdf,gallery/5+years/004_a_giant_treehouse_20260117_002852.pdf,https://cdn.coloringa4.page/gallery/5+years/004_a_giant_treehouse_20260117_002852.pdf
output_converted/5+years/004_a_giant_treehouse_20260117_002852.webp,gallery/5+years/004_a_giant_treehouse_20260117_002852.webp,https://cdn.coloringa4.page/gallery/5+years/004_a_giant_treehouse_20260117_002852.webp
output_converted/5+years/005_a_moon_carnival_20260117_002925.pdf,gallery/5+years/005_a_moon_carnival_20260117_002925.pdf,https://cdn.coloringa4.page/gallery/5+years/005_a_moon_carnival_20260117_002925.pdf
output_converted/5+years/005_a_moon_carnival_20260117_002925.webp,gallery/5+years/005_a_moon_carnival_20260117_002925.webp,https://cdn.coloringa4.page/gallery/5+years/005_a_moon_carnival_20260117_002925.webp
output_converted/5+years/005_a_workshop_20260117_005810.pdf,gallery/5+years/005_a_workshop_20260117_005810.pdf,https://cdn.coloringa4.page/gallery/5+years/005_a_workshop_20260117_005810.pdf
output_converted/5+years/005_a_workshop_20260117_005810.webp,gallery/5+years/005_a_workshop_20260117_005810.webp,https://cdn.coloringa4.page/gallery/5+years/005_a_workshop_20260117_005810.webp
output_converted/5+years/006_a_cat-run_bakery_20260117_002958.pdf,gallery/5+years/006_a_cat-run_bakery_20260117_002958.pdf,https://cdn.coloringa4.page/gallery/5+years/006_a_cat-run_bakery_20260117_002958.pdf
output_converted/5+years/006_a_cat-run_bakery_20260117_002958.webp,gallery/5+years/006_a_cat-run_bakery_20260117_002958.webp,https://cdn.coloringa4.page/gallery/5+years/006_a_cat-run_bakery_20260117_002958.webp
output_converted/5+years/007_a_friendly_monster_20260117_003028.pdf,gallery/5+years/007_a_friendly_monster_20260117_003028.pdf,https://cdn.coloringa4.page/gallery/5+years/007_a_friendly_monster_20260117_003028.pdf
output_converted/5+years/007_a_friendly_monster_20260117_003028.webp,gallery/5+years/007_a_friendly_monster_20260117_003028.webp,https://cdn.coloringa4.page/gallery/5+years/007_a_friendly_monster_20260117_003028.webp
output_converted/5+years/008_a_floating_island_20260117_005955.pdf,gallery/5+years/008_a_floating_island_20260117_005955.pdf,https://cdn.coloringa4.page/gallery/5+years/008_a_floating_island_20260117_005955.pdf
output_converted/5+years/008_a_floating_island_20260117_005955.webp,gallery/5+years/008_a_floating_island_20260117_005955.webp,https://cdn.coloringa4.page/gallery/5+years/008_a_floating_island_20260117_005955.webp
output_converted/5+years/008_a_magical_train_20260117_003102.pdf,gallery/5+years/008_a_magical_train_20260117_003102.pdf,https://cdn.coloringa4.page/gallery/5+years/008_a_magical_train_20260117_003102.pdf
output_converted/5+years/008_a_magical_train_20260117_003102.webp,gallery/5+years/008_a_magical_train_20260117_003102.webp,https://cdn.coloringa4.page/gallery/5+years/008_a_magical_train_20260117_003102.webp
output_converted/5+years/009_a_candy_jungle_20260117_010025.pdf,gallery/5+years/009_a_candy_jungle_20260117_010025.pdf,https://cdn.coloringa4.page/gallery/5+years/009_a_candy_jungle_20260117_010025.pdf
output_converted/5+years/009_a_candy_jungle_20260117_010025.webp,gallery/5+years/009_a_candy_jungle_20260117_010025.webp,https://cdn.coloringa4.page/gallery/5+years/009_a_candy_jungle_20260117_010025.webp
output_converted/5+years/009_a_floating_island_20260117_003139.pdf,gallery/5+years/009_a_floating_island_20260117_003139.pdf,https://cdn.coloringa4.page/gallery/5+years/009_a_floating_island_20260117_003139.pdf
output_converted/5+years/009_a_floating_island_20260117_003139.webp,gallery/5+years/009_a_floating_island_20260117_003139.webp,https://cdn.coloringa4.page/gallery/5+years/009_a_floating_island_20260117_003139.webp
output_converted/5+years/010_a_robot_gardener_20260117_003213.pdf,gallery/5+years/010_a_robot_gardener_20260117_003213.pdf,https://cdn.coloringa4.page/gallery/5+years/010_a_robot_gardener_20260117_003213.pdf
output_converted/5+years/010_a_robot_gardener_20260117_003213.webp,gallery/5+years/010_a_robot_gardener_20260117_003213.webp,https://cdn.coloringa4.page/gallery/5+years/010_a_robot_gardener_20260117_003213.webp
output_converted/5+years/010_a_space_aquarium_20260117_010055.pdf,gallery/5+years/010_a_space_aquarium_20260117_010055.pdf,https://cdn.coloringa4.page/gallery/5+years/010_a_space_aquarium_20260117_010055.pdf
output_converted/5+years/010_a_space_aquarium_20260117_010055.webp,gallery/5+years/010_a_space_aquarium_20260117_010055.webp,https://cdn.coloringa4.page/gallery/5+years/010_a_space_aquarium_20260117_010055.webp
output_converted/5+years/011_a_castle_kitchen_20260117_003242.pdf,gallery/5+years/011_a_castle_kitchen_20260117_003242.pdf,https://cdn.coloringa4.page/gallery/5+years/011_a_castle_kitchen_20260117_003242.pdf
output_converted/5+years/011_a_castle_kitchen_20260117_003242.webp,gallery/5+years/011_a_castle_kitchen_20260117_003242.webp,https://cdn.coloringa4.page/gallery/5+years/011_a_castle_kitchen_20260117_003242.webp
output_converted/5+years/011_a_mountain_ski_20260117_010128.pdf,gallery/5+years/011_a_mountain_ski_20260117_010128.pdf,https://cdn.coloringa4.page/gallery/5+years/011_a_mountain_ski_20260117_010128.pdf
output_converted/5+years/011_a_mountain_ski_20260117_010128.webp,gallery/5+years/011_a_mountain_ski_20260117_010128.webp,https://cdn.coloringa4.page/gallery/5+years/011_a_mountain_ski_20260117_010128.webp
output_converted/5+years/013_a_robot_gardener_20260117_010235.pdf,gallery/5+years/013_a_robot_gardener_20260117_010235.pdf,https://cdn.coloringa4.page/gallery/5+years/013_a_robot_gardener_20260117_010235.pdf
output_converted/5+years/013_a_robot_gardener_20260117_010235.webp,gallery/5+years/013_a_robot_gardener_20260117_010235.webp,https://cdn.coloringa4.page/gallery/5+years/013_a_robot_gardener_20260117_010235.webp
output_converted/5+years/013_a_snowy_mountain_20260117_003403.pdf,gallery/5+years/013_a_snowy_mountain_20260117_003403.pdf,https://cdn.coloringa4.page/gallery/5+years/013_a_snowy_mountain_20260117_003403.pdf
output_converted/5+years/013_a_snowy_mountain_20260117_003403.webp,gallery/5+years/013_a_snowy_mountain_20260117_003403.webp,https://cdn.coloringa4.page/gallery/5+years/013_a_snowy_mountain_20260117_003403.webp
output_converted/5+years/014_a_candy_jungle_20260117_003433.pdf,gallery/5+years/014_a_candy_jungle_20260117_003433.pdf,https://cdn.coloringa4.page/gallery/5+years/014_a_candy_jungle_20260117_003433.pdf
output_converted/5+years/014_a_candy_jungle_20260117_003433.webp,gallery/5+years/014_a_candy_jungle_20260117_003433.webp,https://cdn.coloringa4.page/gallery/5+years/014_a_candy_jungle_20260117_003433.webp
output_converted/5+years/014_a_castle_kitchen_20260117_010410.pdf,gallery/5+years/014_a_castle_kitchen_20260117_010410.pdf,https://cdn.coloringa4.page/gallery/5+years/014_a_castle_kitchen_20260117_010410.pdf
output_converted/5+years/014_a_castle_kitchen_20260117_010410.webp,gallery/5+years/014_a_castle_kitchen_20260117_010410.webp,https://cdn.coloringa4.page/gallery/5+years/014_a_castle_kitchen_20260117_010410.webp
output_converted/5+years/015_a_medieval_parade_20260117_010442.pdf,gallery/5+years/015_a_medieval_parade_20260117_010442.pdf,https://cdn.coloringa4.page/gallery/5+years/015_a_medieval_parade_20260117_010442.pdf
output_converted/5+years/015_a_medieval_parade_20260117_010442.webp,gallery/5+years/015_a_medieval_parade_20260117_010442.webp,https://cdn.coloringa4.page/gallery/5+years/015_a_medieval_parade_20260117_010442.webp
output_converted/5+years/016_a_sky_harbor_20260117_010523.pdf,gallery/5+years/016_a_sky_harbor_20260117_010523.pdf,https://cdn.coloringa4.page/gallery/5+years/016_a_sky_harbor_20260117_010523.pdf
output_converted/5+years/016_a_sky_harbor_20260117_010523.webp,gallery/5+years/016_a_sky_harbor_20260117_010523.webp,https://cdn.coloringa4.page/gallery/5+years/016_a_sky_harbor_20260117_010523.webp
output_converted/5+years/017_a_workshop_20260117_003608.pdf,gallery/5+years/017_a_workshop_20260117_003608.pdf,https://cdn.coloringa4.page/gallery/5+years/017_a_workshop_20260117_003608.pdf
output_converted/5+years/017_a_workshop_20260117_003608.webp,gallery/5+years/017_a_workshop_20260117_003608.webp,https://cdn.coloringa4.page/gallery/5+years/017_a_workshop_20260117_003608.webp
output_converted/5+years/017_an_underwater_coral_20260117_010603.pdf,gallery/5+years/017_an_underwater_coral_20260117_010603.pdf,https://cdn.coloringa4.page/gallery/5+years/017_an_underwater_coral_20260117_010603.pdf
output_converted/5+years/017_an_underwater_coral_20260117_010603.webp,gallery/5+years/017_an_underwater_coral_20260117_010603.webp,https://cdn.coloringa4.page/gallery/5+years/017_an_underwater_coral_20260117_010603.webp
output_converted/5+years/018_a_lighthouse_on_20260117_010636.pdf,gallery/5+years/018_a_lighthouse_on_20260117_010636.pdf,https://cdn.coloringa4.page/gallery/5+years/018_a_lighthouse_on_20260117_010636.pdf
output_converted/5+years/018_a_lighthouse_on_20260117_010636.webp,gallery/5+years/018_a_lighthouse_on_20260117_010636.webp,https://cdn.coloringa4.page/gallery/5+years/018_a_lighthouse_on_20260117_010636.webp
output_converted/5+years/018_a_sky_harbor_20260117_003645.pdf,gallery/5+years/018_a_sky_harbor_20260117_003645.pdf,https://cdn.coloringa4.page/gallery/5+years/018_a_sky_harbor_20260117_003645.pdf
output_converted/5+years/018_a_sky_harbor_20260117_003645.webp,gallery/5+years/018_a_sky_harbor_20260117_003645.webp,https://cdn.coloringa4.page/gallery/5+years/018_a_sky_harbor_20260117_003645.webp
output_converted/5+years/019_a_deep-sea_neighborhood_20260117_003713.pdf,gallery/5+years/019_a_deep-sea_neighborhood_20260117_003713.pdf,https://cdn.coloringa4.page/gallery/5+years/019_a_deep-sea_neighborhood_20260117_003713.pdf
output_converted/5+years/019_a_deep-sea_neighborhood_20260117_003713.webp,gallery/5+years/019_a_deep-sea_neighborhood_20260117_003713.webp,https://cdn.coloringa4.page/gallery/5+years/019_a_deep-sea_neighborhood_20260117_003713.webp
output_converted/5+years/019_a_deep-sea_neighborhood_20260117_010710.pdf,gallery/5+years/019_a_deep-sea_neighborhood_20260117_010710.pdf,https://cdn.coloringa4.page/gallery/5+years/019_a_deep-sea_neighborhood_20260117_010710.pdf
output_converted/5+years/019_a_deep-sea_neighborhood_20260117_010710.webp,gallery/5+years/019_a_deep-sea_neighborhood_20260117_010710.webp,https://cdn.coloringa4.page/gallery/5+years/019_a_deep-sea_neighborhood_20260117_010710.webp
